date,category,expected_volume,actual_volume
2025-02-02,4,16065,16628.584
2025-02-02,5,39568,41013.33
2025-02-02,6,37062,39870.36
2025-02-02,7,26956,31044.36
2025-02-03,0,36690,35354.305
2025-02-03,1,34922,33680.13
2025-02-03,2,73089,82632.2
2025-02-03,3,30954,34861.438
2025-02-03,4,20568,21889.61
2025-02-03,5,51514,60721.81
2025-02-03,6,46229,47512.473
2025-02-03,7,29860,28807.627
2025-02-04,0,33233,32942.12
2025-02-04,1,36718,39080.37
2025-02-04,2,63500,63258.34
2025-02-04,3,31490,29719.805
2025-02-04,4,18981,19856.373
2025-02-04,5,53487,66593.34
2025-02-04,6,54405,63229.508
2025-02-04,7,37360,36461.164
2025-02-05,0,31976,31161.53
2025-02-05,1,38129,41738.176
2025-02-05,2,68850,60683.82
2025-02-05,3,28301,29332.908
2025-02-05,4,19023,19220.945
2025-02-05,5,50382,70910.875
2025-02-05,6,48415,48138.05
2025-02-05,7,34856,35144.26
2025-02-06,0,35362,34963.34
2025-02-06,1,41172,46892.46
2025-02-06,2,83157,75381.31
2025-02-06,3,26465,39616.1
2025-02-06,4,19310,22330.686
2025-02-06,5,53040,63525.64
2025-02-06,6,62174,61769.55
2025-02-06,7,30411,33823.61
2025-02-07,0,34217,37092.297
2025-02-07,1,37447,42944.09
2025-02-07,2,75312,81442.26
2025-02-07,3,28566,41317.41
2025-02-07,4,17389,19217.836
2025-02-07,5,57357,50289.297
2025-02-07,6,52604,56670.5
2025-02-07,7,30961,33100.168
2025-02-08,0,23907,25339.879
2025-02-08,1,25426,25269.816
2025-02-08,2,51980,55192.516
2025-02-08,3,19310,21996.719
2025-02-08,4,13168,14692.245
2025-02-08,5,40818,42064.832
2025-02-08,6,33618,34858.125
2025-02-08,7,22313,24690.27
2025-02-09,0,19587,21505.576
2025-02-09,1,26166,27842.049
2025-02-09,2,51187,56327.496
2025-02-09,3,19068,19791.219
2025-02-09,4,14311,14694.883
2025-02-09,5,40814,43139.24
2025-02-09,6,36852,39261.117
2025-02-09,7,21013,22468.768
2025-02-10,0,36201,37078.098
2025-02-10,1,37547,39342.184
2025-02-10,2,70743,81480.234
2025-02-10,3,30069,36701.33
2025-02-10,4,18537,19898.795
2025-02-10,5,54930,79282.375
2025-02-10,6,45483,50312.7
2025-02-10,7,35969,35533.996
2025-02-11,0,31296,31209.215
2025-02-11,1,36263,34411.152
2025-02-11,2,81979,87008.695
2025-02-11,3,24515,27471.912
2025-02-11,4,19894,21237.336
2025-02-11,5,51737,60870.273
2025-02-11,6,64657,70450.66
2025-02-11,7,32319,33829.04
2025-02-12,0,30521,31051.898
2025-02-12,1,35480,35053.016
2025-02-12,2,75383,79954.625
2025-02-12,3,31873,37279.746
2025-02-12,4,15956,18968.314
2025-02-12,5,56931,54200.18
2025-02-12,6,54789,54210.254
2025-02-12,7,34396,37737.09
2025-02-13,0,32061,31275.434
2025-02-13,1,37054,40891.69
2025-02-13,2,74165,78022.69
2025-02-13,3,27840,40824.668
2025-02-13,4,21088,30166.861
2025-02-13,5,57236,59039.53
2025-02-13,6,55386,56210.02
2025-02-13,7,33159,34785.125
2025-02-14,0,28358,27690.7
2025-02-14,1,36494,34037.74
2025-02-14,2,85798,83366.65
2025-02-14,3,33424,39455.168
2025-02-14,4,20592,23531.646
2025-02-14,5,58639,58811.65
2025-02-14,6,49327,56264.46
2025-02-14,7,31285,32826.566
2025-02-15,0,21761,24646.4
2025-02-15,1,24776,26268.54
2025-02-15,2,47767,49213.18
2025-02-15,3,23521,24674.494
2025-02-15,4,15372,17424.623
2025-02-15,5,38416,39189.59
2025-02-15,6,38262,41853.42
2025-02-15,7,27851,28782.455
2025-02-16,0,22777,24606.29
2025-02-16,1,27321,28132.348
2025-02-16,2,42450,44962.023
2025-02-16,3,18278,18518.426
2025-02-16,4,15644,16747.17
2025-02-16,5,39052,39859.203
2025-02-16,6,37903,41226.363
2025-02-16,7,20975,21819.64
2025-02-17,0,36134,34504.27
2025-02-17,1,37881,38527.21
2025-02-17,2,65106,67268.414
2025-02-17,3,30888,32957.06
2025-02-17,4,22656,26653.793
2025-02-17,5,47791,45344.2
2025-02-17,6,54011,57742.92
2025-02-17,7,35471,35765.297
2025-02-18,0,32736,33042.9
2025-02-18,1,36940,41111.01
2025-02-18,2,72216,72084.32
2025-02-18,3,27739,29336.646
2025-02-18,4,17904,19748.336
2025-02-18,5,60797,62903.91
2025-02-18,6,53004,53163.273
2025-02-18,7,37832,40344.453
2025-02-19,0,27639,28121.838
2025-02-19,1,36883,39686.76
2025-02-19,2,83588,74428.94
2025-02-19,3,31755,38474.61
2025-02-19,4,18616,20887.928
2025-02-19,5,53622,70961.14
2025-02-19,6,46458,49272.633
2025-02-19,7,29315,30590.08
2025-02-20,0,35595,34729.746
2025-02-20,1,37113,43810.08
2025-02-20,2,74963,79573.27
2025-02-20,3,31517,37472.414
2025-02-20,4,18224,19055.934
2025-02-20,5,63939,73682.07
2025-02-20,6,61472,61601.74
2025-02-20,7,31446,32826.19
2025-02-21,0,35187,36745.402
2025-02-21,1,37938,43607.477
2025-02-21,2,79367,80091.766
2025-02-21,3,31902,38327.11
2025-02-21,4,20659,23160.238
2025-02-21,5,57374,52033.266
2025-02-21,6,48916,52966.484
2025-02-21,7,34037,36285.586
2025-02-22,0,24525,23898.07
2025-02-22,1,27147,27575.621
2025-02-22,2,54102,53054.64
2025-02-22,3,23427,24683.752
2025-02-22,4,13650,16125.561
2025-02-22,5,35525,36079.26
2025-02-22,6,31877,32761.604
2025-02-22,7,23366,24931.617
2025-02-23,0,20646,21743.447
2025-02-23,1,25271,25247.031
2025-02-23,2,56568,58484.72
2025-02-23,3,19960,20980.338
2025-02-23,4,14395,16001.279
2025-02-23,5,42402,43875.906
2025-02-23,6,32494,34202.07
2025-02-23,7,22807,23815.154
2025-02-24,0,27373,27477.479
2025-02-24,1,36081,34196.527
2025-02-24,2,78169,85779.06
2025-02-24,3,36437,36540.383
2025-02-24,4,18622,20195.23
2025-02-24,5,56495,78731.59
2025-02-24,6,60612,59151.754
2025-02-24,7,28834,29765.262
2025-02-25,0,36540,34838.094
2025-02-25,1,35176,33862.54
2025-02-25,2,62488,64659.9
2025-02-25,3,29759,30393.342
2025-02-25,4,23986,28232.307
2025-02-25,5,57978,52397.95
2025-02-25,6,59999,56102.504
2025-02-25,7,35364,36532.24
2025-02-26,0,30907,29249.96
2025-02-26,1,34279,34989.434
2025-02-26,2,72811,75163.41
2025-02-26,3,27308,29491.514
2025-02-26,4,21009,28861.582
2025-02-26,5,55201,54037.12
2025-02-26,6,60237,58017.375
2025-02-26,7,38242,40529.516
2025-02-27,0,31353,30757.438
2025-02-27,1,37833,43014.14
2025-02-27,2,64412,60533.25
2025-02-27,3,27508,43465.836
2025-02-27,4,15229,17028.326
2025-02-27,5,54604,53085.73
2025-02-27,6,50582,57078.996
2025-02-27,7,31942,32603.268
2025-02-28,0,34884,34963.34
2025-02-28,1,37526,43309.133
2025-02-28,2,76860,76367.36
2025-02-28,3,25689,25720.56
2025-02-28,4,19800,24427.94
2025-02-28,5,47876,57328.74
2025-02-28,6,50879,51341.805
2025-02-28,7,34287,36942.266
2025-03-01,0,22621,23984.236
2025-03-01,1,25866,25044.994
2025-03-01,2,48050,47854.387
2025-03-01,3,21812,22462.914
2025-03-01,4,11906,13482.407
2025-03-01,5,34705,37266.066
2025-03-01,6,37807,38704.93
2025-03-01,7,23649,23208.54
2025-03-02,0,26377,26484.805
2025-03-02,1,27488,25988.668
2025-03-02,2,47879,46640.4
2025-03-02,3,19231,20191.709
2025-03-02,4,11756,13871.323
2025-03-02,5,44732,42542.766
2025-03-02,6,42403,43672.754
2025-03-02,7,21281,22496.684
2025-03-03,0,33532,34165.086
2025-03-03,1,37600,36850.395
2025-03-03,2,86582,96036.41
2025-03-03,3,28568,39092.758
2025-03-03,4,21839,22564.473
2025-03-03,5,56238,62158.28
2025-03-03,6,42193,44767.176
2025-03-03,7,32479,33334.227
2025-03-04,0,28297,27632.879
2025-03-04,1,37045,39303.09
2025-03-04,2,61658,64116.855
2025-03-04,3,30242,30208.912
2025-03-04,4,23911,24802.2
2025-03-04,5,53518,51551.01
2025-03-04,6,64330,62533.094
2025-03-04,7,39307,39190.363
2025-03-05,0,33603,37321.395
2025-03-05,1,31887,31120.607
2025-03-05,2,79481,76947.625
2025-03-05,3,29973,29193.055
2025-03-05,4,21201,28785.06
2025-03-05,5,61656,56084.65
2025-03-05,6,61229,62020.836
2025-03-05,7,39723,42671.4
2025-03-06,0,30690,30318.291
2025-03-06,1,35669,34602.895
2025-03-06,2,71628,73528.75
2025-03-06,3,30276,40940.67
2025-03-06,4,18747,20709.436
2025-03-06,5,52948,68287.016
2025-03-06,6,51364,55537.457
2025-03-06,7,32630,33437.887
2025-03-07,0,32198,31242.459
2025-03-07,1,36264,34162.4
2025-03-07,2,67643,69475.31
2025-03-07,3,30849,34757.48
2025-03-07,4,23012,24353.564
2025-03-07,5,59413,72655.38
2025-03-07,6,60537,61014.984
2025-03-07,7,36546,36258.37
2025-03-08,0,21076,22702.998
2025-03-08,1,27607,26680.746
2025-03-08,2,52488,57360.543
2025-03-08,3,18286,19799.078
2025-03-08,4,15207,17196.043
2025-03-08,5,36553,34417.113
2025-03-08,6,31652,32763.48
2025-03-08,7,24881,28158.812
2025-03-09,0,21669,22543.969
2025-03-09,1,27231,26844.426
2025-03-09,2,44506,44023.605
2025-03-09,3,19806,19206.082
2025-03-09,4,13126,13445.339
2025-03-09,5,37042,36000.06
2025-03-09,6,34814,37205.953
2025-03-09,7,23445,24008.795
2025-03-10,0,28959,28861.03
2025-03-10,1,38608,38564.7
2025-03-10,2,69191,73688.414
2025-03-10,3,32880,36561.367
2025-03-10,4,19536,22203.557
2025-03-10,5,54078,78979.57
2025-03-10,6,48769,48551.81
2025-03-10,7,34245,36537.19
2025-03-11,0,35417,34509.99
2025-03-11,1,38289,41122.043
2025-03-11,2,70412,71513.48
2025-03-11,3,27533,30924.404
2025-03-11,4,22258,23704.145
2025-03-11,5,55488,55760.766
2025-03-11,6,52802,50328.004
2025-03-11,7,35529,34656.07
2025-03-12,0,24409,25312.787
2025-03-12,1,35019,35392.246
2025-03-12,2,85240,75342.09
2025-03-12,3,33469,32887.3
2025-03-12,4,19964,22016.41
2025-03-12,5,61202,70346.125
2025-03-12,6,53855,68216.97
2025-03-12,7,36452,37841.56
2025-03-13,0,33974,33405.117
2025-03-13,1,38469,40661.043
2025-03-13,2,75862,75972.42
2025-03-13,3,26085,40836.758
2025-03-13,4,19294,24951.727
2025-03-13,5,53870,72213.41
2025-03-13,6,54698,55706.95
2025-03-13,7,31096,31710.188
2025-03-14,0,30516,30658.35
2025-03-14,1,42140,44849.06
2025-03-14,2,62662,65094.355
2025-03-14,3,29715,31339.557
2025-03-14,4,21826,26095.928
2025-03-14,5,55227,64375.906
2025-03-14,6,56347,58426.684
2025-03-14,7,39292,43551.734
2025-03-15,0,22028,23401.453
2025-03-15,1,27567,26813.463
2025-03-15,2,44439,46802.492
2025-03-15,3,20517,20930.652
2025-03-15,4,14778,19191.725
2025-03-15,5,39350,39584.617
2025-03-15,6,32037,32736.518
2025-03-15,7,23981,25747.043
2025-03-16,0,22782,24037.836
2025-03-16,1,25245,25580.156
2025-03-16,2,55062,57962.04
2025-03-16,3,21128,21294.795
2025-03-16,4,13041,14449.867
2025-03-16,5,36237,36633.027
2025-03-16,6,38389,40437.74
2025-03-16,7,22175,24357.787
2025-03-17,0,30747,30424.17
2025-03-17,1,36185,34638.89
2025-03-17,2,67322,71225.84
2025-03-17,3,29230,34330.652
2025-03-17,4,18791,20362.176
2025-03-17,5,59413,83644.055
2025-03-17,6,57126,55354.66
2025-03-17,7,35231,35365.613
2025-03-18,0,30249,29849.625
2025-03-18,1,36291,34097.46
2025-03-18,2,82260,85516.664
2025-03-18,3,29366,32542.785
2025-03-18,4,18234,20896.994
2025-03-18,5,64043,65464.605
2025-03-18,6,57100,57253.195
2025-03-18,7,41929,44322.902
2025-03-19,0,27171,28065.775
2025-03-19,1,38120,39768.1
2025-03-19,2,72228,70331.055
2025-03-19,3,26999,42335.08
2025-03-19,4,20044,25083.41
2025-03-19,5,54951,63347.54
2025-03-19,6,50668,49332.13
2025-03-19,7,37860,38657.414
2025-03-20,0,31623,31162.932
2025-03-20,1,38288,40134.066
2025-03-20,2,75211,81632.4
2025-03-20,3,25995,39927.727
2025-03-20,4,15301,21052.41
2025-03-20,5,55403,54156.945
2025-03-20,6,51027,48989.113
2025-03-20,7,38129,40335.676
2025-03-21,0,37117,37967.938
2025-03-21,1,39114,42607.426
2025-03-21,2,60393,61297.594
2025-03-21,3,25864,28968.195
2025-03-21,4,19498,19306.377
2025-03-21,5,51654,59574.426
2025-03-21,6,50621,50655.78
2025-03-21,7,35129,37216.855
2025-03-22,0,25227,25538.648
2025-03-22,1,24852,24906.076
2025-03-22,2,49335,49911.527
2025-03-22,3,21203,22073.049
2025-03-22,4,14318,16659.691
2025-03-22,5,36170,35363.434
2025-03-22,6,37226,39860.066
2025-03-22,7,26904,28685.756
2025-03-23,0,24447,24696.0
2025-03-23,1,25473,24973.701
2025-03-23,2,49128,53516.848
2025-03-23,3,18698,19952.201
2025-03-23,4,13621,14300.542
2025-03-23,5,39820,42302.754
2025-03-23,6,40340,44122.285
2025-03-23,7,24924,27041.969
2025-03-24,0,30737,30040.861
2025-03-24,1,39800,40873.793
2025-03-24,2,67513,72254.29
2025-03-24,3,25795,34790.56
2025-03-24,4,20452,22248.598
2025-03-24,5,56331,73056.195
2025-03-24,6,54149,53703.664
2025-03-24,7,32687,33791.95
2025-03-25,0,30678,30130.488
2025-03-25,1,41459,45103.727
2025-03-25,2,69671,62453.902
2025-03-25,3,31352,30207.17
2025-03-25,4,20144,21722.094
2025-03-25,5,61961,65805.34
2025-03-25,6,53242,49562.293
2025-03-25,7,35192,35235.25
2025-03-26,0,32370,31818.12
2025-03-26,1,40364,42004.035
2025-03-26,2,71263,72252.086
2025-03-26,3,30691,38477.047
2025-03-26,4,19983,22112.139
2025-03-26,5,58041,60270.45
2025-03-26,6,56070,54358.312
2025-03-26,7,34111,37942.574
2025-03-27,0,30820,29124.594
2025-03-27,1,39710,41771.895
2025-03-27,2,77071,79105.13
2025-03-27,3,34589,35127.312
2025-03-27,4,21121,24634.77
2025-03-27,5,59049,59778.375
2025-03-27,6,54258,58789.605
2025-03-27,7,36990,40620.527
2025-03-28,0,31803,31272.158
2025-03-28,1,36379,33977.348
2025-03-28,2,75336,79466.836
2025-03-28,3,31346,38208.047
2025-03-28,4,21163,23774.584
2025-03-28,5,51567,53029.062
2025-03-28,6,60766,59792.363
2025-03-28,7,35072,37511.312
2025-03-29,0,23300,22597.664
2025-03-29,1,24356,24809.668
2025-03-29,2,42773,45794.617
2025-03-29,3,18306,18988.139
2025-03-29,4,14815,16458.807
2025-03-29,5,35479,34910.242
2025-03-29,6,39499,43585.176
2025-03-29,7,20763,22124.418
2025-03-30,0,23035,24516.514
2025-03-30,1,26681,27245.615
2025-03-30,2,49263,51291.656
2025-03-30,3,18620,19788.273
2025-03-30,4,16374,16491.65
2025-03-30,5,43900,42511.562
2025-03-30,6,35496,35305.26
2025-03-30,7,20443,21569.145
2025-03-31,0,32710,36996.53
2025-03-31,1,38083,39904.887
2025-03-31,2,76796,87890.89
2025-03-31,3,31943,32198.72
2025-03-31,4,19863,23025.902
2025-03-31,5,54488,86660.62
2025-03-31,6,48168,46256.55
2025-03-31,7,34130,36181.406
2025-04-01,0,24075,24715.938
2025-04-01,1,33624,31683.469
2025-04-01,2,80173,77456.984
2025-04-01,3,30063,32982.887
2025-04-01,4,20223,21865.342
2025-04-01,5,57558,72772.85
2025-04-01,6,48656,51569.266
2025-04-01,7,40415,40129.04
2025-04-02,0,31000,31323.588
2025-04-02,1,38886,41231.414
2025-04-02,2,77477,73528.1
2025-04-02,3,31550,37229.74
2025-04-02,4,20676,23372.852
2025-04-02,5,54189,59779.79
2025-04-02,6,44494,47249.746
2025-04-02,7,28919,29222.113
2025-04-03,0,29422,30136.998
2025-04-03,1,29416,28356.377
2025-04-03,2,67421,63414.277
2025-04-03,3,28948,29545.387
2025-04-03,4,18803,19392.326
2025-04-03,5,66105,125294.9
2025-04-03,6,50855,54700.26
2025-04-03,7,34940,35889.215
2025-04-04,0,28506,27708.28
2025-04-04,1,34100,32278.568
2025-04-04,2,78357,76473.055
2025-04-04,3,26560,28228.156
2025-04-04,4,18605,19846.451
2025-04-04,5,62752,69780.586
2025-04-04,6,50463,54029.656
2025-04-04,7,33081,33453.066
2025-04-05,0,21034,23008.723
2025-04-05,1,27841,27627.775
2025-04-05,2,47695,47460.91
2025-04-05,3,21978,28224.652
2025-04-05,4,13090,15467.16
2025-04-05,5,44215,41691.242
2025-04-05,6,42681,40645.016
2025-04-05,7,25881,30203.941
2025-04-06,0,20113,20680.057
2025-04-06,1,27686,27776.23
2025-04-06,2,47619,46883.914
2025-04-06,3,20207,22146.94
2025-04-06,4,15502,19352.672
2025-04-06,5,39307,43397.98
2025-04-06,6,38948,41484.527
2025-04-06,7,24252,27006.738
2025-04-07,0,34701,34665.004
2025-04-07,1,36351,34915.715
2025-04-07,2,59896,63001.902
2025-04-07,3,28005,31577.053
2025-04-07,4,21525,23602.959
2025-04-07,5,56015,63798.32
2025-04-07,6,47804,48610.07
2025-04-07,7,37716,37164.246
2025-04-08,0,34149,35873.785
2025-04-08,1,35661,33732.395
2025-04-08,2,76398,79531.75
2025-04-08,3,28416,46985.965
2025-04-08,4,18849,19755.402
2025-04-08,5,58560,83263.22
2025-04-08,6,49998,57403.24
2025-04-08,7,34796,36289.426
2025-04-09,0,27490,28681.377
2025-04-09,1,37972,39399.965
2025-04-09,2,68925,65713.68
2025-04-09,3,27883,30901.943
2025-04-09,4,19956,23057.766
2025-04-09,5,58515,75871.41
2025-04-09,6,53823,59869.66
2025-04-09,7,39053,42070.47
2025-04-10,0,33821,33458.25
2025-04-10,1,36623,34907.797
2025-04-10,2,64481,64503.773
2025-04-10,3,33371,34172.24
2025-04-10,4,22441,29223.193
2025-04-10,5,56299,56588.68
2025-04-10,6,49656,51032.605
2025-04-10,7,31937,34752.41
2025-04-11,0,29625,32110.139
2025-04-11,1,37660,39068.14
2025-04-11,2,74420,81754.53
2025-04-11,3,30045,29141.598
2025-04-11,4,21546,26064.611
2025-04-11,5,58266,64773.805
2025-04-11,6,55519,59676.875
2025-04-11,7,33159,35065.215
2025-04-12,0,21201,23819.648
2025-04-12,1,28200,27306.965
2025-04-12,2,48902,56978.31
2025-04-12,3,20508,22225.758
2025-04-12,4,12301,16584.633
2025-04-12,5,40223,39769.895
2025-04-12,6,31876,32603.404
2025-04-12,7,29730,35758.04
2025-04-13,0,17888,21344.486
2025-04-13,1,25088,23949.828
2025-04-13,2,50411,52575.375
2025-04-13,3,19068,19933.395
2025-04-13,4,12128,13153.144
2025-04-13,5,38420,42086.21
2025-04-13,6,41566,45537.266
2025-04-13,7,24508,27646.848
2025-04-14,0,31794,31845.41
2025-04-14,1,41952,40943.7
2025-04-14,2,69077,77980.43
2025-04-14,3,30691,38021.56
2025-04-14,4,20765,24782.068
2025-04-14,5,57846,69919.88
2025-04-14,6,51225,55153.953
2025-04-14,7,29250,32976.273
2025-04-15,0,37663,37843.613
2025-04-15,1,38647,40583.07
2025-04-15,2,73856,82434.586
2025-04-15,3,31873,31943.033
2025-04-15,4,22688,27720.53
2025-04-15,5,57199,52180.598
2025-04-15,6,51016,52668.93
2025-04-15,7,30286,31975.2
2025-04-16,0,32815,32977.418
2025-04-16,1,36219,35275.58
2025-04-16,2,77982,76532.28
2025-04-16,3,31692,30083.531
2025-04-16,4,18741,19013.824
2025-04-16,5,59339,64703.09
2025-04-16,6,52688,54742.508
2025-04-16,7,32955,36722.203
2025-04-17,0,39638,40252.574
2025-04-17,1,36195,34528.32
2025-04-17,2,69143,69174.164
2025-04-17,3,26387,40367.254
2025-04-17,4,19052,21557.318
2025-04-17,5,60205,66224.44
2025-04-17,6,61822,63175.047
2025-04-17,7,37611,39906.227
2025-04-18,0,16264,18470.521
2025-04-18,1,20094,21409.031
2025-04-18,2,38668,40488.434
2025-04-18,3,17647,18702.234
2025-04-18,4,9532,13394.96
2025-04-18,5,24821,25756.96
2025-04-18,6,22194,22732.12
2025-04-18,7,15873,16879.807
2025-04-19,0,23175,22764.416
2025-04-19,1,28251,25969.084
2025-04-19,2,35355,39322.42
2025-04-19,3,22459,23636.014
2025-04-19,4,15077,15613.052
2025-04-19,5,39027,39242.03
2025-04-19,6,39776,51853.254
2025-04-19,7,25594,27860.7
2025-04-20,0,23402,23160.068
2025-04-20,1,26824,31368.568
2025-04-20,2,49816,50749.74
2025-04-20,3,23427,34900.445
2025-04-20,4,12586,15920.66
2025-04-20,5,36926,40735.723
2025-04-20,6,37175,39112.45
2025-04-20,7,22109,24386.121
2025-04-21,0,18156,19647.629
2025-04-21,1,19168,17881.059
2025-04-21,2,35544,34102.543
2025-04-21,3,14447,13939.353
2025-04-21,4,9866,14176.806
2025-04-21,5,28313,27018.23
2025-04-21,6,26861,30037.691
2025-04-21,7,16855,16778.104
2025-04-22,0,30973,31329.342
2025-04-22,1,39961,41226.25
2025-04-22,2,75335,84714.02
2025-04-22,3,33064,33318.19
2025-04-22,4,18159,19604.318
2025-04-22,5,56083,67719.87
2025-04-22,6,45786,44905.594
2025-04-22,7,29590,32049.701
2025-04-23,0,35688,34997.83
2025-04-23,1,37964,39309.113
2025-04-23,2,59231,61062.24
2025-04-23,3,33356,33270.527
2025-04-23,4,19464,19198.148
2025-04-23,5,60789,79976.734
2025-04-23,6,55488,51460.77
2025-04-23,7,29993,32405.164
2025-04-24,0,33252,33486.773
2025-04-24,1,43639,43115.29
2025-04-24,2,71809,75567.74
2025-04-24,3,33082,36070.484
2025-04-24,4,18101,22194.322
2025-04-24,5,53582,50903.59
2025-04-24,6,52019,51284.223
2025-04-24,7,34938,38121.65
2025-04-25,0,32689,32616.871
2025-04-25,1,39731,43129.92
2025-04-25,2,69346,64028.176
2025-04-25,3,29164,47003.99
2025-04-25,4,21480,25973.904
2025-04-25,5,59099,55474.703
2025-04-25,6,54410,56833.996
2025-04-25,7,41286,46186.887
2025-04-26,0,20561,23082.996
2025-04-26,1,24427,25110.82
2025-04-26,2,47201,46697.082
2025-04-26,3,20753,23700.799
2025-04-26,4,12457,14357.186
2025-04-26,5,39468,37978.88
2025-04-26,6,43586,43363.652
2025-04-26,7,21151,22507.404
2025-04-27,0,24847,25219.953
2025-04-27,1,26744,27669.598
2025-04-27,2,43799,45584.492
2025-04-27,3,22151,23873.383
2025-04-27,4,12231,14335.926
2025-04-27,5,43436,43399.285
2025-04-27,6,34750,36169.68
2025-04-27,7,20470,21357.625
2025-04-28,0,24130,27686.984
2025-04-28,1,40626,41219.258
2025-04-28,2,74683,83923.72
2025-04-28,3,26575,35046.266
2025-04-28,4,21739,23318.66
2025-04-28,5,62496,72823.84
2025-04-28,6,49117,52943.93
2025-04-28,7,36972,37774.906
2025-04-29,0,33415,33027.5
2025-04-29,1,36699,45353.6
2025-04-29,2,75457,84152.76
2025-04-29,3,34860,33007.934
2025-04-29,4,16464,17673.645
2025-04-29,5,55293,56598.617
2025-04-29,6,55101,55302.95
2025-04-29,7,30676,31975.2
2025-04-30,0,31404,30829.84
2025-04-30,1,38299,44622.68
2025-04-30,2,72426,67676.984
2025-04-30,3,31458,38464.535
2025-04-30,4,18861,20258.588
2025-04-30,5,55232,69530.586
2025-04-30,6,49407,49981.7
2025-04-30,7,28014,30128.814
2025-05-01,0,18808,19358.426
2025-05-01,1,18942,20616.912
2025-05-01,2,35489,40963.766
2025-05-01,3,16360,18958.045
2025-05-01,4,7927,16148.41
2025-05-01,5,28128,26684.217
2025-05-01,6,26098,27835.4
2025-05-01,7,19371,24154.701
2025-05-02,0,33765,34854.86
2025-05-02,1,41188,40175.18
2025-05-02,2,68516,64991.125
2025-05-02,3,30354,32136.672
2025-05-02,4,18807,19445.035
2025-05-02,5,56552,62697.277
2025-05-02,6,52627,54570.516
2025-05-02,7,32462,35315.88
2025-05-03,0,26156,27179.064
2025-05-03,1,26304,27481.482
2025-05-03,2,57791,57280.14
2025-05-03,3,22277,27896.752
2025-05-03,4,14815,16487.988
2025-05-03,5,39954,37525.793
2025-05-03,6,31634,31829.791
2025-05-03,7,23432,24359.107
2025-05-04,0,19816,19863.334
2025-05-04,1,23517,21109.287
2025-05-04,2,58887,60566.52
2025-05-04,3,22071,23444.158
2025-05-04,4,13919,15741.256
2025-05-04,5,42689,40345.215
2025-05-04,6,36813,36780.293
2025-05-04,7,20465,23440.803
2025-05-05,0,34697,35757.137
2025-05-05,1,39686,40193.55
2025-05-05,2,80265,84032.766
2025-05-05,3,27739,33300.11
2025-05-05,4,19712,21044.076
2025-05-05,5,56495,74940.516
2025-05-05,6,53687,55505.543
2025-05-05,7,31395,33319.418
2025-05-06,0,31410,31058.898
2025-05-06,1,44082,40554.836
2025-05-06,2,70421,65867.805
2025-05-06,3,31873,30681.49
2025-05-06,4,22540,26871.9
2025-05-06,5,60932,55307.805
2025-05-06,6,57362,56058.574
2025-05-06,7,31334,32052.357
2025-05-07,0,34523,37605.117
2025-05-07,1,38500,40647.117
2025-05-07,2,76652,71957.36
2025-05-07,3,31439,30843.965
2025-05-07,4,17500,18942.5
2025-05-07,5,60727,52115.64
2025-05-07,6,52465,54197.816
2025-05-07,7,30224,34282.094
2025-05-08,0,31305,30890.521
2025-05-08,1,36546,35181.727
2025-05-08,2,71400,70890.59
2025-05-08,3,30618,39534.777
2025-05-08,4,22154,24480.61
2025-05-08,5,59998,56470.293
2025-05-08,6,53353,56225.613
2025-05-08,7,33507,37016.527
2025-05-09,0,35107,35620.387
2025-05-09,1,37775,40240.95
2025-05-09,2,73069,75801.88
2025-05-09,3,29008,30199.068
2025-05-09,4,19826,22989.129
2025-05-09,5,62522,62566.086
2025-05-09,6,47891,51481.613
2025-05-09,7,31138,32630.922
2025-05-10,0,19259,21179.94
2025-05-10,1,24468,24360.295
2025-05-10,2,50999,58678.13
2025-05-10,3,18206,20692.883
2025-05-10,4,13463,14855.203
2025-05-10,5,39453,41358.44
2025-05-10,6,39633,42901.074
2025-05-10,7,24945,28654.715
2025-05-11,0,24710,25193.7
2025-05-11,1,25911,26624.426
2025-05-11,2,52610,56616.957
2025-05-11,3,20899,22275.33
2025-05-11,4,15562,18794.373
2025-05-11,5,36973,37167.06
2025-05-11,6,43953,46407.805
2025-05-11,7,24707,27184.684
2025-05-12,0,32815,33075.363
2025-05-12,1,35181,34829.684
2025-05-12,2,72925,78481.414
2025-05-12,3,30530,34768.855
2025-05-12,4,20032,22308.604
2025-05-12,5,70692,68919.28
2025-05-12,6,60572,60688.008
2025-05-12,7,33273,34125.777
2025-05-13,0,31009,30567.549
2025-05-13,1,40254,44701.023
2025-05-13,2,71410,70076.195
2025-05-13,3,28848,44296.168
2025-05-13,4,18104,21430.828
2025-05-13,5,62209,54531.16
2025-05-13,6,46848,50217.32
2025-05-13,7,35631,35515.34
2025-05-14,0,29631,29576.469
2025-05-14,1,35587,34779.785
2025-05-14,2,75017,86196.52
2025-05-14,3,37014,38450.29
2025-05-14,4,24401,26714.102
2025-05-14,5,64962,59223.99
2025-05-14,6,48131,54898.59
2025-05-14,7,34046,38222.664
2025-05-15,0,27936,28863.074
2025-05-15,1,35402,34479.555
2025-05-15,2,73908,78455.57
2025-05-15,3,30069,29929.266
2025-05-15,4,20641,22416.486
2025-05-15,5,60793,66631.984
2025-05-15,6,39526,43327.65
2025-05-15,7,36632,38341.316
2025-05-16,0,32452,32714.514
2025-05-16,1,40820,43200.3
2025-05-16,2,80357,77813.87
2025-05-16,3,30870,32745.232
2025-05-16,4,16155,20042.502
2025-05-16,5,65829,102262.75
2025-05-16,6,54019,54554.906
2025-05-16,7,32628,35065.215
2025-05-17,0,23116,23085.814
2025-05-17,1,26984,29892.602
2025-05-17,2,43070,44800.387
2025-05-17,3,22223,25449.506
2025-05-17,4,14545,17159.91
2025-05-17,5,42030,41513.887
2025-05-17,6,37386,41489.465
2025-05-17,7,26654,28865.08
2025-05-18,0,21668,23871.373
2025-05-18,1,25209,25151.49
2025-05-18,2,47846,46726.785
2025-05-18,3,22707,24778.068
2025-05-18,4,12326,14263.132
2025-05-18,5,45302,44080.03
2025-05-18,6,39761,43028.902
2025-05-18,7,24254,28428.162
2025-05-19,0,32040,31880.45
2025-05-19,1,36712,37614.863
2025-05-19,2,77116,81788.3
2025-05-19,3,28568,33840.555
2025-05-19,4,21979,22773.027
2025-05-19,5,52176,52291.027
2025-05-19,6,63064,60935.67
2025-05-19,7,33655,34786.406
2025-05-20,0,29813,30298.059
2025-05-20,1,33865,30754.29
2025-05-20,2,77726,80321.75
2025-05-20,3,30917,31228.77
2025-05-20,4,19764,23991.34
2025-05-20,5,56035,56744.684
2025-05-20,6,47697,48408.523
2025-05-20,7,35453,34584.51
2025-05-21,0,30426,29944.36
2025-05-21,1,37413,41370.23
2025-05-21,2,73842,75725.0
2025-05-21,3,31726,38735.902
2025-05-21,4,17338,18848.303
2025-05-21,5,52221,46809.383
2025-05-21,6,61314,60436.215
2025-05-21,7,35140,36454.023
2025-05-22,0,31206,31089.867
2025-05-22,1,39096,41567.668
2025-05-22,2,70351,72953.54
2025-05-22,3,27328,33826.43
2025-05-22,4,21385,26778.535
2025-05-22,5,59792,57593.46
2025-05-22,6,58183,53577.164
2025-05-22,7,34175,38237.45
2025-05-23,0,30434,29896.73
2025-05-23,1,42812,43551.293
2025-05-23,2,57409,56700.414
2025-05-23,3,27614,53671.246
2025-05-23,4,25115,27097.855
2025-05-23,5,59777,56595.0
2025-05-23,6,53469,51553.78
2025-05-23,7,33859,35802.01
2025-05-24,0,23227,24254.086
2025-05-24,1,27338,28051.307
2025-05-24,2,57717,54639.49
2025-05-24,3,24357,27113.492
2025-05-24,4,16956,18203.922
2025-05-24,5,38386,35840.3
2025-05-24,6,36742,38938.48
2025-05-24,7,24089,27287.01
2025-05-25,0,22089,23033.46
2025-05-25,1,26669,27597.574
2025-05-25,2,48833,47201.492
2025-05-25,3,17868,22805.055
2025-05-25,4,13289,13636.336
2025-05-25,5,40409,44133.816
2025-05-25,6,42625,44510.887
2025-05-25,7,21490,22573.28
2025-05-26,0,30168,30036.432
2025-05-26,1,37055,37738.438
2025-05-26,2,66743,70067.68
2025-05-26,3,23891,31324.709
2025-05-26,4,18087,20177.305
2025-05-26,5,59110,71053.07
2025-05-26,6,54505,56115.297
2025-05-26,7,35157,35423.16
2025-05-27,0,32987,33313.418
2025-05-27,1,39059,41845.3
2025-05-27,2,77138,83177.77
2025-05-27,3,32495,34331.61
2025-05-27,4,18972,21536.256
2025-05-27,5,59099,68704.21
2025-05-27,6,48877,48234.95
2025-05-27,7,32522,34540.83
2025-05-28,0,26867,28591.703
2025-05-28,1,41394,48281.48
2025-05-28,2,66839,60225.29
2025-05-28,3,28855,43494.574
2025-05-28,4,19168,21754.479
2025-05-28,5,63478,75822.984
2025-05-28,6,48322,48878.18
2025-05-28,7,28756,31706.219
2025-05-29,0,13676,14976.819
2025-05-29,1,18921,20919.246
2025-05-29,2,32647,38618.113
2025-05-29,3,15405,18522.594
2025-05-29,4,9532,12321.741
2025-05-29,5,27937,28049.533
2025-05-29,6,32959,32878.582
2025-05-29,7,17972,18563.193
2025-05-30,0,28346,29911.55
2025-05-30,1,39822,38209.496
2025-05-30,2,63096,67827.45
2025-05-30,3,28803,30296.018
2025-05-30,4,19792,21339.81
2025-05-30,5,63536,67761.78
2025-05-30,6,57711,57182.02
2025-05-30,7,30515,32183.074
2025-05-31,0,21421,22995.264
2025-05-31,1,24936,24871.812
2025-05-31,2,41314,47287.125
2025-05-31,3,20828,21910.861
2025-05-31,4,13811,17202.736
2025-05-31,5,47253,49077.613
2025-05-31,6,35749,35612.176
2025-05-31,7,21251,23328.947
2025-06-01,0,21045,20690.082
2025-06-01,1,28703,26914.373
2025-06-01,2,52772,55071.074
2025-06-01,3,19177,23370.793
2025-06-01,4,13715,15158.884
2025-06-01,5,40997,42032.066
2025-06-01,6,36088,34256.5
2025-06-01,7,20201,22208.104
2025-06-02,0,30247,29933.602
2025-06-02,1,40847,43305.72
2025-06-02,2,86671,91992.734
2025-06-02,3,30788,40931.49
2025-06-02,4,22880,25760.883
2025-06-02,5,63072,71237.45
2025-06-02,6,59196,61148.336
2025-06-02,7,33567,33388.887
2025-06-03,0,31105,30429.895
2025-06-03,1,36505,33759.156
2025-06-03,2,79691,79953.234
2025-06-03,3,28948,29092.82
2025-06-03,4,17412,18993.295
2025-06-03,5,54988,51539.156
2025-06-03,6,48875,48487.258
2025-06-03,7,33676,32847.926
2025-06-04,0,31169,33379.457
2025-06-04,1,35966,33249.367
2025-06-04,2,78451,73919.76
2025-06-04,3,33487,34273.76
2025-06-04,4,20355,23370.035
2025-06-04,5,57561,55676.43
2025-06-04,6,52561,53068.48
2025-06-04,7,28023,30064.715
2025-06-05,0,30052,31642.602
2025-06-05,1,39529,38627.94
2025-06-05,2,62558,65466.176
2025-06-05,3,28514,30180.969
2025-06-05,4,22150,25200.893
2025-06-05,5,55579,56728.43
2025-06-05,6,54966,54256.68
2025-06-05,7,35383,35264.996
2025-06-06,0,31451,31385.324
2025-06-06,1,43978,40030.574
2025-06-06,2,71495,78415.33
2025-06-06,3,27322,32135.453
2025-06-06,4,24041,27854.457
2025-06-06,5,50135,50354.266
2025-06-06,6,48019,48935.273
2025-06-06,7,30218,31802.527
2025-06-07,0,19470,20430.127
2025-06-07,1,28011,26900.582
2025-06-07,2,51956,59177.81
2025-06-07,3,20682,22438.178
2025-06-07,4,12745,17551.467
2025-06-07,5,42195,40767.07
2025-06-07,6,37461,39288.535
2025-06-07,7,21024,22030.28
2025-06-08,0,23977,24824.846
2025-06-08,1,26425,28086.66
2025-06-08,2,48710,43770.645
2025-06-08,3,21324,21353.002
2025-06-08,4,11255,13156.254
2025-06-08,5,39484,43504.508
2025-06-08,6,40951,45969.934
2025-06-08,7,24837,26970.018
2025-06-09,0,14978,16934.203
2025-06-09,1,17816,17230.238
2025-06-09,2,31043,33270.94
2025-06-09,3,17385,14345.432
2025-06-09,4,10053,13013.222
2025-06-09,5,32953,33416.043
2025-06-09,6,27787,29006.14
2025-06-09,7,15472,12772.08
2025-06-10,0,33396,33233.965
2025-06-10,1,40254,38537.633
2025-06-10,2,72727,79701.16
2025-06-10,3,33956,34816.016
2025-06-10,4,16343,17402.562
2025-06-10,5,61544,67490.22
2025-06-10,6,55332,55362.445
2025-06-10,7,36463,38259.316
2025-06-11,0,34561,34624.844
2025-06-11,1,37025,36739.023
2025-06-11,2,74441,81033.73
2025-06-11,3,32552,35164.387
2025-06-11,4,22154,27063.34
2025-06-11,5,59559,54656.94
2025-06-11,6,65867,71221.78
2025-06-11,7,34330,36906.938
2025-06-12,0,33566,33685.207
2025-06-12,1,41152,39661.086
2025-06-12,2,73327,76652.6
2025-06-12,3,30383,29634.684
2025-06-12,4,20799,24484.076
2025-06-12,5,60345,62861.016
2025-06-12,6,45324,46786.637
2025-06-12,7,41496,44310.656
2025-06-13,0,28859,28428.848
2025-06-13,1,37199,35816.0
2025-06-13,2,74807,78236.52
2025-06-13,3,33371,35369.73
2025-06-13,4,22473,25686.504
2025-06-13,5,59198,62000.176
2025-06-13,6,49504,51393.094
2025-06-13,7,29631,32569.373
